TransID,Product,Price,Type
1,Coffee Eclair,3.5,Food
1,Blackberry Tart,3.25,Food
1,Bottled Water,1.8,Drink
1,Single Espresso,1.85,Drink
2,Lemon Cake,8.95,Food
2,Lemon Tart,3.25,Food
3,Lemon Cake,8.95,Food
3,Lemon Tart,3.25,Food
4,Opera Cake,15.95,Food
4,Strawberry Cake,11.95,Food
4,Blackberry Tart,3.25,Food
4,Cherry Tart,3.25,Food
4,Apricot Danish,1.15,Food
4,Bottled Water,1.8,Drink
5,Casino Cake,15.95,Food
5,Strawberry Cake,11.95,Food
5,Coffee Eclair,3.5,Food
5,Napoleon Cake,13.49,Food
5,Raspberry Cookie,1.09,Food
6,Berry Tart,3.25,Food
6,Ganache Cookie,1.15,Food
6,Bottled Water,1.8,Drink
7,Strawberry Cake,11.95,Food
7,Apple Tart,3.25,Food
7,Apple Croissant,1.45,Food
7,Apple Danish,1.15,Food
7,Bottled Water,1.8,Drink
7,Cherry Soda,1.29,Drink
8,Blackberry Tart,3.25,Food
8,Marzipan Cookie,1.25,Food
8,Tuile Cookie,1.25,Food
9,Casino Cake,15.95,Food
9,Tuile Cookie,1.25,Food
10,Opera Cake,15.95,Food
10,Cherry Tart,3.25,Food
10,Apricot Danish,1.15,Food
11,Raspberry Cookie,1.09,Food
11,Lemon Cookie,0.79,Food
11,Lemon Lemonade,3.25,Drink
11,Raspberry Lemonade,3.25,Drink
11,Green Tea,1.85,Drink
12,Pecan Tart,3.75,Food
12,Green Tea,1.85,Drink
12,Cherry Soda,1.29,Drink
13,Single Espresso,1.85,Drink
14,Lemon Cake,8.95,Food
14,Lemon Tart,3.25,Food
14,Vanilla Meringue,1.15,Food
15,Truffle Cake,15.95,Food
15,Gongolais Cookie,1.15,Food
15,Blueberry Danish,1.15,Food
16,Blueberry Tart,3.25,Food
16,Apricot Croissant,1.45,Food
16,Hot Coffee,2.15,Drink
17,Strawberry Cake,11.95,Food
17,Chocolate Eclair,3.25,Food
17,Napoleon Cake,13.49,Food
17,Almond Tart,3.75,Food
17,Blueberry Tart,3.25,Food
17,Gongolais Cookie,1.15,Food
18,Lemon Cake,8.95,Food
18,Lemon Tart,3.25,Food
18,Raspberry Cookie,1.09,Food
19,Coffee Eclair,3.5,Food
19,Apple Pie,5.25,Food
19,Almond Twist,1.15,Food
19,Hot Coffee,2.15,Drink
20,Opera Cake,15.95,Food
20,Cherry Tart,3.25,Food
20,Apricot Croissant,1.45,Food
20,Apricot Danish,1.15,Food
21,Lemon Cake,8.95,Food
21,Vanilla Eclair,3.25,Food
21,Lemon Tart,3.25,Food
21,Vanilla Frappuccino,3.85,Drink
22,Chocolate Croissant,1.75,Food
22,Blueberry Danish,1.15,Food
22,Bottled Water,1.8,Drink
23,Apricot Tart,3.25,Food
23,Lemon Tart,3.25,Food
24,Strawberry Cake,11.95,Food
24,Napoleon Cake,13.49,Food
24,Almond Bear Claw,1.95,Food
25,Coffee Eclair,3.5,Food
25,Gongolais Cookie,1.15,Food
25,Cherry Soda,1.29,Drink
26,Coffee Eclair,3.5,Food
26,Apple Pie,5.25,Food
26,Berry Tart,3.25,Food
27,Raspberry Cookie,1.09,Food
27,Lemon Cookie,0.79,Food
27,Lemon Lemonade,3.25,Drink
27,Raspberry Lemonade,3.25,Drink
27,Green Tea,1.85,Drink
28,Napoleon Cake,13.49,Food
28,Berry Tart,3.25,Food
29,Chocolate Cake,8.95,Food
29,Casino Cake,15.95,Food
29,Orange Juice,2.75,Drink
30,Apricot Tart,3.25,Food
30,Apricot Danish,1.15,Food
31,Raspberry Cookie,1.09,Food
32,Vanilla Eclair,3.25,Food
32,Ganache Cookie,1.15,Food
32,Chocolate Meringue,1.25,Food
32,Almond Bear Claw,1.95,Food
33,Strawberry Cake,11.95,Food
33,Chocolate Coffee,2.45,Drink
34,Raspberry Cookie,1.09,Food
34,Lemon Cookie,0.79,Food
34,Lemon Lemonade,3.25,Drink
34,Raspberry Lemonade,3.25,Drink
34,Green Tea,1.85,Drink
35,Strawberry Cake,11.95,Food
35,Chocolate Tart,3.75,Food
35,Walnut Cookie,0.79,Food
35,Vanilla Frappuccino,3.85,Drink
36,Apple Tart,3.25,Food
36,Apple Croissant,1.45,Food
36,Apple Danish,1.15,Food
37,Berry Tart,3.25,Food
37,Gongolais Cookie,1.15,Food
37,Vanilla Meringue,1.15,Food
37,Almond Twist,1.15,Food
37,Bottled Water,1.8,Drink
38,Chocolate Cake,8.95,Food
38,Blueberry Tart,3.25,Food
38,Almond Croissant,1.45,Food
38,Apricot Croissant,1.45,Food
38,Hot Coffee,2.15,Drink
38,Vanilla Frappuccino,3.85,Drink
39,Lemon Cake,8.95,Food
39,Apple Pie,5.25,Food
39,Lemon Tart,3.25,Food
39,Chocolate Meringue,1.25,Food
39,Marzipan Cookie,1.25,Food
39,Walnut Cookie,0.79,Food
39,Chocolate Coffee,2.45,Drink
40,Blackberry Tart,3.25,Food
40,Blueberry Tart,3.25,Food
40,Cherry Tart,3.25,Food
40,Ganache Cookie,1.15,Food
40,Vanilla Meringue,1.15,Food
41,Strawberry Cake,11.95,Food
41,Almond Tart,3.75,Food
41,Berry Tart,3.25,Food
42,Opera Cake,15.95,Food
42,Apple Danish,1.15,Food
43,Raspberry Cookie,1.09,Food
43,Marzipan Cookie,1.25,Food
43,Tuile Cookie,1.25,Food
44,Blackberry Tart,3.25,Food
44,Ganache Cookie,1.15,Food
44,Lemon Lemonade,3.25,Drink
45,Almond Tart,3.75,Food
45,Lemon Tart,3.25,Food
45,Chocolate Meringue,1.25,Food
45,Apricot Croissant,1.45,Food
46,Apple Pie,5.25,Food
46,Gongolais Cookie,1.15,Food
46,Bottled Water,1.8,Drink
47,Vanilla Eclair,3.25,Food
48,Chocolate Cake,8.95,Food
48,Casino Cake,15.95,Food
48,Chocolate Coffee,2.45,Drink
49,Cheese Croissant,1.75,Food
49,Orange Juice,2.75,Drink
50,Tuile Cookie,1.25,Food
50,Blueberry Danish,1.15,Food
51,Coffee Eclair,3.5,Food
51,Chocolate Tart,3.75,Food
51,Tuile Cookie,1.25,Food
52,Lemon Cake,8.95,Food
52,Lemon Tart,3.25,Food
53,Apricot Croissant,1.45,Food
53,Chocolate Croissant,1.75,Food
54,Chocolate Cake,8.95,Food
54,Casino Cake,15.95,Food
54,Chocolate Coffee,2.45,Drink
55,Blackberry Tart,3.25,Food
55,Almond Croissant,1.45,Food
55,Hot Coffee,2.15,Drink
56,Blueberry Danish,1.15,Food
56,Single Espresso,1.85,Drink
57,Chocolate Coffee,2.45,Drink
58,Strawberry Cake,11.95,Food
58,Napoleon Cake,13.49,Food
58,Lemon Tart,3.25,Food
59,Chocolate Cake,8.95,Food
59,Casino Cake,15.95,Food
59,Blueberry Tart,3.25,Food
59,Lemon Tart,3.25,Food
59,Chocolate Coffee,2.45,Drink
60,Chocolate Tart,3.75,Food
60,Ganache Cookie,1.15,Food
60,Lemon Lemonade,3.25,Drink
61,Casino Cake,15.95,Food
61,Strawberry Cake,11.95,Food
61,Chocolate Eclair,3.25,Food
61,Napoleon Cake,13.49,Food
61,Blueberry Danish,1.15,Food
62,Raspberry Cookie,1.09,Food
62,Lemon Cookie,0.79,Food
62,Lemon Lemonade,3.25,Drink
62,Raspberry Lemonade,3.25,Drink
62,Green Tea,1.85,Drink
63,Apricot Tart,3.25,Food
63,Marzipan Cookie,1.25,Food
63,Tuile Cookie,1.25,Food
64,Lemon Lemonade,3.25,Drink
65,Apple Tart,3.25,Food
65,Berry Tart,3.25,Food
65,Bottled Water,1.8,Drink
66,Marzipan Cookie,1.25,Food
66,Tuile Cookie,1.25,Food
67,Lemon Cake,8.95,Food
67,Apple Danish,1.15,Food
68,Apple Tart,3.25,Food
68,Apple Croissant,1.45,Food
68,Apple Danish,1.15,Food
68,Cherry Soda,1.29,Drink
69,Opera Cake,15.95,Food
69,Cherry Tart,3.25,Food
69,Apricot Danish,1.15,Food
70,Truffle Cake,15.95,Food
70,Apple Tart,3.25,Food
70,Blueberry Tart,3.25,Food
71,Almond Croissant,1.45,Food
71,Single Espresso,1.85,Drink
72,Coffee Eclair,3.5,Food
72,Walnut Cookie,0.79,Food
72,Almond Croissant,1.45,Food
73,Chocolate Tart,3.75,Food
73,Lemon Tart,3.25,Food
73,Almond Croissant,1.45,Food
74,Lemon Cake,8.95,Food
74,Apricot Tart,3.25,Food
74,Apple Danish,1.15,Food
75,Lemon Tart,3.25,Food
75,Cheese Croissant,1.75,Food
75,Single Espresso,1.85,Drink
76,Lemon Cake,8.95,Food
76,Truffle Cake,15.95,Food
76,Berry Tart,3.25,Food
76,Almond Bear Claw,1.95,Food
77,Apple Croissant,1.45,Food
78,Lemon Cake,8.95,Food
78,Truffle Cake,15.95,Food
78,Vanilla Eclair,3.25,Food
78,Berry Tart,3.25,Food
78,Gongolais Cookie,1.15,Food
78,Vanilla Meringue,1.15,Food
79,Coffee Eclair,3.5,Food
79,Marzipan Cookie,1.25,Food
79,Almond Croissant,1.45,Food
79,Apple Danish,1.15,Food
79,Almond Twist,1.15,Food
79,Green Tea,1.85,Drink
80,Apricot Tart,3.25,Food
80,Apricot Danish,1.15,Food
80,Orange Juice,2.75,Drink
81,Truffle Cake,15.95,Food
81,Gongolais Cookie,1.15,Food
81,Apricot Croissant,1.45,Food
82,Coffee Eclair,3.5,Food
82,Apple Pie,5.25,Food
82,Pecan Tart,3.75,Food
82,Tuile Cookie,1.25,Food
82,Almond Twist,1.15,Food
82,Hot Coffee,2.15,Drink
83,Raspberry Cookie,1.09,Food
83,Lemon Cookie,0.79,Food
83,Lemon Lemonade,3.25,Drink
83,Raspberry Lemonade,3.25,Drink
84,Opera Cake,15.95,Food
84,Truffle Cake,15.95,Food
84,Berry Tart,3.25,Food
84,Gongolais Cookie,1.15,Food
84,Apple Danish,1.15,Food
85,Apple Tart,3.25,Food
85,Apple Croissant,1.45,Food
85,Apple Danish,1.15,Food
85,Cherry Soda,1.29,Drink
86,Hot Coffee,2.15,Drink
87,Apple Tart,3.25,Food
87,Apple Croissant,1.45,Food
87,Apple Danish,1.15,Food
87,Cherry Soda,1.29,Drink
88,Berry Tart,3.25,Food
88,Bottled Water,1.8,Drink
89,Truffle Cake,15.95,Food
89,Lemon Tart,3.25,Food
89,Gongolais Cookie,1.15,Food
89,Chocolate Croissant,1.75,Food
89,Green Tea,1.85,Drink
90,Chocolate Cake,8.95,Food
90,Casino Cake,15.95,Food
90,Hot Coffee,2.15,Drink
90,Chocolate Coffee,2.45,Drink
91,Blueberry Tart,3.25,Food
91,Apricot Croissant,1.45,Food
91,Hot Coffee,2.15,Drink
91,Vanilla Frappuccino,3.85,Drink
91,Cherry Soda,1.29,Drink
92,Lemon Cake,8.95,Food
92,Cherry Soda,1.29,Drink
93,Lemon Cake,8.95,Food
93,Opera Cake,15.95,Food
93,Cherry Tart,3.25,Food
93,Apricot Danish,1.15,Food
94,Coffee Eclair,3.5,Food
94,Apple Pie,5.25,Food
94,Almond Twist,1.15,Food
94,Hot Coffee,2.15,Drink
95,Blueberry Tart,3.25,Food
95,Vanilla Meringue,1.15,Food
95,Apricot Croissant,1.45,Food
95,Raspberry Lemonade,3.25,Drink
95,Hot Coffee,2.15,Drink
96,Lemon Cake,8.95,Food
96,Walnut Cookie,0.79,Food
96,Almond Croissant,1.45,Food
97,Lemon Cake,8.95,Food
97,Lemon Tart,3.25,Food
98,Lemon Cake,8.95,Food
99,Berry Tart,3.25,Food
99,Gongolais Cookie,1.15,Food
99,Almond Twist,1.15,Food
100,Gongolais Cookie,1.15,Food
100,Chocolate Croissant,1.75,Food
100,Lemon Lemonade,3.25,Drink
101,Apple Croissant,1.45,Food
102,Blueberry Tart,3.25,Food
102,Chocolate Tart,3.75,Food
102,Green Tea,1.85,Drink
103,Vanilla Eclair,3.25,Food
103,Lemon Tart,3.25,Food
103,Pecan Tart,3.75,Food
103,Cherry Soda,1.29,Drink
104,Lemon Cake,8.95,Food
104,Apple Tart,3.25,Food
104,Blackberry Tart,3.25,Food
104,Marzipan Cookie,1.25,Food
104,Apple Croissant,1.45,Food
104,Chocolate Croissant,1.75,Food
104,Apple Danish,1.15,Food
104,Cherry Soda,1.29,Drink
105,Opera Cake,15.95,Food
105,Lemon Lemonade,3.25,Drink
105,Hot Coffee,2.15,Drink
106,Apricot Tart,3.25,Food
106,Cherry Tart,3.25,Food
106,Ganache Cookie,1.15,Food
106,Raspberry Lemonade,3.25,Drink
106,Vanilla Frappuccino,3.85,Drink
106,Cherry Soda,1.29,Drink
107,Opera Cake,15.95,Food
107,Cherry Tart,3.25,Food
107,Gongolais Cookie,1.15,Food
107,Marzipan Cookie,1.25,Food
108,Chocolate Eclair,3.25,Food
108,Blueberry Tart,3.25,Food
108,Chocolate Tart,3.75,Food
108,Apple Croissant,1.45,Food
108,Cheese Croissant,1.75,Food
108,Orange Juice,2.75,Drink
109,Truffle Cake,15.95,Food
109,Gongolais Cookie,1.15,Food
109,Marzipan Cookie,1.25,Food
109,Apricot Danish,1.15,Food
110,Coffee Eclair,3.5,Food
110,Blackberry Tart,3.25,Food
110,Single Espresso,1.85,Drink
111,Chocolate Eclair,3.25,Food
111,Apple Tart,3.25,Food
111,Vanilla Meringue,1.15,Food
111,Walnut Cookie,0.79,Food
111,Apple Croissant,1.45,Food
111,Apricot Croissant,1.45,Food
111,Apple Danish,1.15,Food
111,Cherry Soda,1.29,Drink
112,Apple Pie,5.25,Food
112,Apricot Tart,3.25,Food
112,Berry Tart,3.25,Food
112,Bottled Water,1.8,Drink
113,Raspberry Cookie,1.09,Food
113,Cheese Croissant,1.75,Food
113,Apricot Danish,1.15,Food
114,Truffle Cake,15.95,Food
114,Vanilla Eclair,3.25,Food
114,Cherry Tart,3.25,Food
114,Walnut Cookie,0.79,Food
114,Chocolate Coffee,2.45,Drink
115,Raspberry Lemonade,3.25,Drink
116,Lemon Cake,8.95,Food
116,Opera Cake,15.95,Food
116,Vanilla Eclair,3.25,Food
116,Marzipan Cookie,1.25,Food
116,Tuile Cookie,1.25,Food
117,Lemon Cake,8.95,Food
117,Apple Pie,5.25,Food
117,Lemon Tart,3.25,Food
117,Cheese Croissant,1.75,Food
118,Raspberry Cookie,1.09,Food
118,Lemon Cookie,0.79,Food
118,Lemon Lemonade,3.25,Drink
118,Raspberry Lemonade,3.25,Drink
119,Blueberry Tart,3.25,Food
119,Cherry Tart,3.25,Food
119,Raspberry Cookie,1.09,Food
119,Marzipan Cookie,1.25,Food
119,Walnut Cookie,0.79,Food
119,Almond Croissant,1.45,Food
119,Lemon Lemonade,3.25,Drink
119,Single Espresso,1.85,Drink
120,Berry Tart,3.25,Food
120,Cherry Tart,3.25,Food
120,Bottled Water,1.8,Drink
121,Chocolate Cake,8.95,Food
121,Casino Cake,15.95,Food
121,Chocolate Coffee,2.45,Drink
122,Opera Cake,15.95,Food
122,Cherry Tart,3.25,Food
122,Apricot Danish,1.15,Food
123,Apple Tart,3.25,Food
123,Apple Croissant,1.45,Food
123,Apple Danish,1.15,Food
123,Cherry Soda,1.29,Drink
124,Coffee Eclair,3.5,Food
124,Apple Pie,5.25,Food
124,Pecan Tart,3.75,Food
124,Walnut Cookie,0.79,Food
124,Almond Twist,1.15,Food
124,Hot Coffee,2.15,Drink
125,Casino Cake,15.95,Food
125,Lemon Cookie,0.79,Food
125,Marzipan Cookie,1.25,Food
126,Truffle Cake,15.95,Food
126,Apricot Tart,3.25,Food
126,Gongolais Cookie,1.15,Food
127,Gongolais Cookie,1.15,Food
127,Orange Juice,2.75,Drink
127,Chocolate Coffee,2.45,Drink
127,Vanilla Frappuccino,3.85,Drink
128,Blueberry Danish,1.15,Food
128,Raspberry Lemonade,3.25,Drink
129,Apricot Tart,3.25,Food
129,Raspberry Cookie,1.09,Food
130,Lemon Cake,8.95,Food
130,Lemon Cookie,0.79,Food
130,Lemon Lemonade,3.25,Drink
130,Orange Juice,2.75,Drink
131,Berry Tart,3.25,Food
131,Pecan Tart,3.75,Food
131,Vanilla Meringue,1.15,Food
131,Bottled Water,1.8,Drink
132,Apple Tart,3.25,Food
132,Apple Croissant,1.45,Food
132,Apple Danish,1.15,Food
132,Cherry Soda,1.29,Drink
133,Coffee Eclair,3.5,Food
133,Ganache Cookie,1.15,Food
133,Marzipan Cookie,1.25,Food
133,Tuile Cookie,1.25,Food
133,Cheese Croissant,1.75,Food
133,Apple Danish,1.15,Food
133,Vanilla Frappuccino,3.85,Drink
134,Chocolate Tart,3.75,Food
134,Walnut Cookie,0.79,Food
134,Vanilla Frappuccino,3.85,Drink
135,Apple Tart,3.25,Food
135,Apple Croissant,1.45,Food
135,Apple Danish,1.15,Food
136,Strawberry Cake,11.95,Food
136,Napoleon Cake,13.49,Food
136,Apple Pie,5.25,Food
137,Opera Cake,15.95,Food
137,Apple Pie,5.25,Food
137,Berry Tart,3.25,Food
137,Cherry Tart,3.25,Food
137,Walnut Cookie,0.79,Food
137,Apricot Danish,1.15,Food
138,Pecan Tart,3.75,Food
138,Cheese Croissant,1.75,Food
138,Orange Juice,2.75,Drink
139,Gongolais Cookie,1.15,Food
139,Bottled Water,1.8,Drink
139,Chocolate Coffee,2.45,Drink
140,Truffle Cake,15.95,Food
140,Chocolate Eclair,3.25,Food
140,Blueberry Tart,3.25,Food
140,Gongolais Cookie,1.15,Food
140,Cheese Croissant,1.75,Food
140,Almond Bear Claw,1.95,Food
140,Single Espresso,1.85,Drink
141,Chocolate Cake,8.95,Food
141,Casino Cake,15.95,Food
141,Apple Tart,3.25,Food
141,Lemon Cookie,0.79,Food
141,Vanilla Meringue,1.15,Food
141,Apple Croissant,1.45,Food
141,Chocolate Coffee,2.45,Drink
142,Chocolate Cake,8.95,Food
142,Chocolate Eclair,3.25,Food
142,Chocolate Meringue,1.25,Food
143,Truffle Cake,15.95,Food
143,Lemon Tart,3.25,Food
143,Gongolais Cookie,1.15,Food
144,Apple Pie,5.25,Food
144,Apricot Tart,3.25,Food
144,Berry Tart,3.25,Food
144,Apricot Danish,1.15,Food
144,Cherry Soda,1.29,Drink
145,Chocolate Tart,3.75,Food
145,Walnut Cookie,0.79,Food
145,Apricot Danish,1.15,Food
145,Bottled Water,1.8,Drink
145,Vanilla Frappuccino,3.85,Drink
146,Coffee Eclair,3.5,Food
146,Blackberry Tart,3.25,Food
147,Truffle Cake,15.95,Food
147,Gongolais Cookie,1.15,Food
148,Chocolate Cake,8.95,Food
148,Lemon Cake,8.95,Food
148,Casino Cake,15.95,Food
148,Chocolate Coffee,2.45,Drink
149,Strawberry Cake,11.95,Food
149,Napoleon Cake,13.49,Food
149,Cherry Tart,3.25,Food
149,Raspberry Lemonade,3.25,Drink
150,Lemon Cake,8.95,Food
150,Apple Tart,3.25,Food
150,Cherry Tart,3.25,Food
150,Lemon Tart,3.25,Food
150,Blueberry Danish,1.15,Food
151,Chocolate Cake,8.95,Food
151,Casino Cake,15.95,Food
151,Lemon Tart,3.25,Food
151,Gongolais Cookie,1.15,Food
151,Chocolate Coffee,2.45,Drink
152,Cheese Croissant,1.75,Food
152,Almond Twist,1.15,Food
152,Orange Juice,2.75,Drink
153,Chocolate Cake,8.95,Food
153,Casino Cake,15.95,Food
153,Almond Twist,1.15,Food
153,Chocolate Coffee,2.45,Drink
154,Apple Pie,5.25,Food
154,Cherry Tart,3.25,Food
154,Apricot Danish,1.15,Food
154,Hot Coffee,2.15,Drink
155,Strawberry Cake,11.95,Food
155,Napoleon Cake,13.49,Food
155,Blackberry Tart,3.25,Food
156,Lemon Tart,3.25,Food
156,Lemon Cookie,0.79,Food
156,Tuile Cookie,1.25,Food
156,Apricot Danish,1.15,Food
156,Single Espresso,1.85,Drink
157,Truffle Cake,15.95,Food
157,Gongolais Cookie,1.15,Food
157,Almond Twist,1.15,Food
158,Chocolate Cake,8.95,Food
158,Casino Cake,15.95,Food
158,Truffle Cake,15.95,Food
158,Lemon Tart,3.25,Food
158,Cheese Croissant,1.75,Food
158,Apricot Danish,1.15,Food
158,Blueberry Danish,1.15,Food
158,Chocolate Coffee,2.45,Drink
159,Opera Cake,15.95,Food
159,Strawberry Cake,11.95,Food
159,Truffle Cake,15.95,Food
159,Cherry Soda,1.29,Drink
160,Strawberry Cake,11.95,Food
160,Chocolate Eclair,3.25,Food
160,Cherry Tart,3.25,Food
160,Tuile Cookie,1.25,Food
160,Apricot Danish,1.15,Food
161,Opera Cake,15.95,Food
161,Cherry Tart,3.25,Food
161,Apple Croissant,1.45,Food
161,Apricot Danish,1.15,Food
162,Chocolate Eclair,3.25,Food
162,Chocolate Tart,3.75,Food
162,Chocolate Meringue,1.25,Food
162,Single Espresso,1.85,Drink
163,Chocolate Tart,3.75,Food
164,Opera Cake,15.95,Food
164,Vanilla Eclair,3.25,Food
164,Napoleon Cake,13.49,Food
164,Pecan Tart,3.75,Food
164,Gongolais Cookie,1.15,Food
164,Raspberry Cookie,1.09,Food
164,Orange Juice,2.75,Drink
165,Strawberry Cake,11.95,Food
165,Blackberry Tart,3.25,Food
165,Chocolate Tart,3.75,Food
165,Ganache Cookie,1.15,Food
165,Vanilla Meringue,1.15,Food
165,Apple Danish,1.15,Food
165,Cherry Soda,1.29,Drink
166,Berry Tart,3.25,Food
166,Raspberry Lemonade,3.25,Drink
166,Bottled Water,1.8,Drink
167,Lemon Tart,3.25,Food
167,Tuile Cookie,1.25,Food
167,Orange Juice,2.75,Drink
168,Strawberry Cake,11.95,Food
168,Napoleon Cake,13.49,Food
169,Apricot Tart,3.25,Food
169,Apple Croissant,1.45,Food
169,Cheese Croissant,1.75,Food
169,Raspberry Lemonade,3.25,Drink
169,Orange Juice,2.75,Drink
170,Truffle Cake,15.95,Food
170,Gongolais Cookie,1.15,Food
170,Tuile Cookie,1.25,Food
171,Chocolate Cake,8.95,Food
171,Blueberry Tart,3.25,Food
171,Apricot Croissant,1.45,Food
172,Truffle Cake,15.95,Food
172,Tuile Cookie,1.25,Food
172,Green Tea,1.85,Drink
173,Lemon Cookie,0.79,Food
173,Apple Danish,1.15,Food
173,Almond Twist,1.15,Food
173,Orange Juice,2.75,Drink
174,Apple Croissant,1.45,Food
175,Lemon Lemonade,3.25,Drink
175,Orange Juice,2.75,Drink
176,Apple Pie,5.25,Food
176,Chocolate Croissant,1.75,Food
176,Cherry Soda,1.29,Drink
177,Berry Tart,3.25,Food
177,Tuile Cookie,1.25,Food
177,Lemon Lemonade,3.25,Drink
177,Green Tea,1.85,Drink
178,Chocolate Cake,8.95,Food
178,Apricot Tart,3.25,Food
178,Vanilla Meringue,1.15,Food
179,Blueberry Tart,3.25,Food
179,Apricot Croissant,1.45,Food
179,Hot Coffee,2.15,Drink
180,Almond Tart,3.75,Food
180,Berry Tart,3.25,Food
180,Bottled Water,1.8,Drink
180,Chocolate Coffee,2.45,Drink
181,Strawberry Cake,11.95,Food
181,Coffee Eclair,3.5,Food
181,Napoleon Cake,13.49,Food
181,Lemon Tart,3.25,Food
181,Apple Danish,1.15,Food
182,Raspberry Cookie,1.09,Food
182,Lemon Cookie,0.79,Food
182,Lemon Lemonade,3.25,Drink
182,Raspberry Lemonade,3.25,Drink
182,Green Tea,1.85,Drink
183,Strawberry Cake,11.95,Food
183,Napoleon Cake,13.49,Food
183,Almond Twist,1.15,Food
184,Truffle Cake,15.95,Food
184,Gongolais Cookie,1.15,Food
184,Apple Croissant,1.45,Food
185,Ganache Cookie,1.15,Food
185,Lemon Cookie,0.79,Food
185,Walnut Cookie,0.79,Food
186,Chocolate Cake,8.95,Food
186,Chocolate Eclair,3.25,Food
186,Gongolais Cookie,1.15,Food
186,Chocolate Coffee,2.45,Drink
187,Opera Cake,15.95,Food
187,Cherry Tart,3.25,Food
187,Ganache Cookie,1.15,Food
187,Apricot Danish,1.15,Food
187,Blueberry Danish,1.15,Food
187,Chocolate Coffee,2.45,Drink
188,Apple Tart,3.25,Food
188,Apple Croissant,1.45,Food
188,Apple Danish,1.15,Food
188,Almond Bear Claw,1.95,Food
188,Cherry Soda,1.29,Drink
189,Tuile Cookie,1.25,Food
190,Raspberry Cookie,1.09,Food
190,Lemon Cookie,0.79,Food
190,Lemon Lemonade,3.25,Drink
190,Raspberry Lemonade,3.25,Drink
190,Green Tea,1.85,Drink
191,Apple Tart,3.25,Food
191,Lemon Cookie,0.79,Food
192,Chocolate Eclair,3.25,Food
192,Marzipan Cookie,1.25,Food
192,Tuile Cookie,1.25,Food
193,Raspberry Cookie,1.09,Food
193,Lemon Cookie,0.79,Food
193,Lemon Lemonade,3.25,Drink
193,Raspberry Lemonade,3.25,Drink
193,Green Tea,1.85,Drink
194,Marzipan Cookie,1.25,Food
194,Tuile Cookie,1.25,Food
195,Truffle Cake,15.95,Food
195,Berry Tart,3.25,Food
195,Blueberry Tart,3.25,Food
195,Gongolais Cookie,1.15,Food
196,Truffle Cake,15.95,Food
196,Gongolais Cookie,1.15,Food
197,Marzipan Cookie,1.25,Food
197,Tuile Cookie,1.25,Food
197,Bottled Water,1.8,Drink
197,Vanilla Frappuccino,3.85,Drink
198,Truffle Cake,15.95,Food
198,Gongolais Cookie,1.15,Food
199,Chocolate Cake,8.95,Food
199,Casino Cake,15.95,Food
199,Chocolate Coffee,2.45,Drink
200,Chocolate Cake,8.95,Food
200,Almond Tart,3.75,Food
200,Almond Croissant,1.45,Food
201,Blackberry Tart,3.25,Food
201,Cheese Croissant,1.75,Food
201,Orange Juice,2.75,Drink
202,Strawberry Cake,11.95,Food
202,Napoleon Cake,13.49,Food
202,Lemon Lemonade,3.25,Drink
203,Lemon Cake,8.95,Food
203,Apple Danish,1.15,Food
204,Raspberry Cookie,1.09,Food
204,Lemon Cookie,0.79,Food
204,Lemon Lemonade,3.25,Drink
204,Raspberry Lemonade,3.25,Drink
205,Chocolate Meringue,1.25,Food
205,Marzipan Cookie,1.25,Food
205,Tuile Cookie,1.25,Food
205,Apricot Croissant,1.45,Food
206,Coffee Eclair,3.5,Food
206,Apple Pie,5.25,Food
206,Almond Twist,1.15,Food
206,Hot Coffee,2.15,Drink
207,Pecan Tart,3.75,Food
207,Cherry Soda,1.29,Drink
208,Coffee Eclair,3.5,Food
208,Apple Pie,5.25,Food
208,Almond Twist,1.15,Food
208,Hot Coffee,2.15,Drink
209,Napoleon Cake,13.49,Food
209,Marzipan Cookie,1.25,Food
209,Tuile Cookie,1.25,Food
210,Coffee Eclair,3.5,Food
210,Apple Pie,5.25,Food
210,Almond Twist,1.15,Food
211,Lemon Cake,8.95,Food
211,Casino Cake,15.95,Food
211,Napoleon Cake,13.49,Food
211,Gongolais Cookie,1.15,Food
211,Cherry Soda,1.29,Drink
212,Coffee Eclair,3.5,Food
212,Marzipan Cookie,1.25,Food
212,Blueberry Danish,1.15,Food
212,Hot Coffee,2.15,Drink
213,Lemon Cake,8.95,Food
213,Chocolate Eclair,3.25,Food
213,Vanilla Eclair,3.25,Food
213,Blackberry Tart,3.25,Food
213,Cherry Tart,3.25,Food
213,Lemon Tart,3.25,Food
213,Ganache Cookie,1.15,Food
213,Orange Juice,2.75,Drink
214,Raspberry Cookie,1.09,Food
214,Lemon Cookie,0.79,Food
214,Lemon Lemonade,3.25,Drink
214,Raspberry Lemonade,3.25,Drink
215,Strawberry Cake,11.95,Food
215,Berry Tart,3.25,Food
215,Pecan Tart,3.75,Food
215,Apricot Croissant,1.45,Food
215,Apple Danish,1.15,Food
215,Bottled Water,1.8,Drink
216,Blueberry Tart,3.25,Food
216,Apricot Croissant,1.45,Food
216,Hot Coffee,2.15,Drink
217,Cherry Tart,3.25,Food
217,Vanilla Meringue,1.15,Food
217,Orange Juice,2.75,Drink
217,Hot Coffee,2.15,Drink
218,Casino Cake,15.95,Food
218,Apple Pie,5.25,Food
218,Raspberry Cookie,1.09,Food
219,Apple Pie,5.25,Food
219,Blackberry Tart,3.25,Food
219,Apricot Danish,1.15,Food
220,Apple Croissant,1.45,Food
220,Blueberry Danish,1.15,Food
220,Green Tea,1.85,Drink
220,Hot Coffee,2.15,Drink
220,Chocolate Coffee,2.45,Drink
221,Chocolate Cake,8.95,Food
221,Casino Cake,15.95,Food
221,Tuile Cookie,1.25,Food
221,Lemon Lemonade,3.25,Drink
221,Chocolate Coffee,2.45,Drink
222,Apricot Tart,3.25,Food
222,Lemon Cookie,0.79,Food
222,Vanilla Meringue,1.15,Food
222,Apricot Danish,1.15,Food
222,Blueberry Danish,1.15,Food
222,Vanilla Frappuccino,3.85,Drink
223,Coffee Eclair,3.5,Food
223,Ganache Cookie,1.15,Food
223,Raspberry Cookie,1.09,Food
223,Almond Croissant,1.45,Food
223,Apple Danish,1.15,Food
224,Raspberry Cookie,1.09,Food
224,Lemon Lemonade,3.25,Drink
224,Vanilla Frappuccino,3.85,Drink
225,Truffle Cake,15.95,Food
225,Gongolais Cookie,1.15,Food
226,Lemon Cake,8.95,Food
226,Truffle Cake,15.95,Food
226,Lemon Tart,3.25,Food
226,Almond Croissant,1.45,Food
227,Coffee Eclair,3.5,Food
227,Blackberry Tart,3.25,Food
227,Single Espresso,1.85,Drink
228,Coffee Eclair,3.5,Food
228,Apple Pie,5.25,Food
228,Almond Twist,1.15,Food
228,Hot Coffee,2.15,Drink
229,Raspberry Cookie,1.09,Food
229,Apple Croissant,1.45,Food
229,Chocolate Croissant,1.75,Food
229,Hot Coffee,2.15,Drink
230,Coffee Eclair,3.5,Food
230,Walnut Cookie,0.79,Food
230,Cherry Soda,1.29,Drink
231,Marzipan Cookie,1.25,Food
231,Tuile Cookie,1.25,Food
232,Lemon Cookie,0.79,Food
232,Bottled Water,1.8,Drink
233,Strawberry Cake,11.95,Food
233,Truffle Cake,15.95,Food
233,Napoleon Cake,13.49,Food
233,Blueberry Danish,1.15,Food
234,Truffle Cake,15.95,Food
234,Gongolais Cookie,1.15,Food
234,Chocolate Meringue,1.25,Food
234,Tuile Cookie,1.25,Food
234,Chocolate Croissant,1.75,Food
234,Chocolate Coffee,2.45,Drink
235,Raspberry Cookie,1.09,Food
235,Apricot Croissant,1.45,Food
235,Cherry Soda,1.29,Drink
236,Blueberry Tart,3.25,Food
236,Orange Juice,2.75,Drink
237,Truffle Cake,15.95,Food
237,Gongolais Cookie,1.15,Food
238,Strawberry Cake,11.95,Food
238,Napoleon Cake,13.49,Food
238,Blackberry Tart,3.25,Food
238,Chocolate Meringue,1.25,Food
239,Lemon Cake,8.95,Food
239,Apple Tart,3.25,Food
239,Blueberry Tart,3.25,Food
239,Chocolate Tart,3.75,Food
239,Lemon Tart,3.25,Food
239,Vanilla Meringue,1.15,Food
239,Cherry Soda,1.29,Drink
240,Lemon Cake,8.95,Food
240,Opera Cake,15.95,Food
240,Blueberry Tart,3.25,Food
240,Lemon Tart,3.25,Food
240,Apricot Danish,1.15,Food
241,Apple Pie,5.25,Food
241,Apple Tart,3.25,Food
242,Strawberry Cake,11.95,Food
242,Napoleon Cake,13.49,Food
242,Almond Tart,3.75,Food
242,Apple Tart,3.25,Food
242,Hot Coffee,2.15,Drink
243,Apple Tart,3.25,Food
243,Apple Croissant,1.45,Food
243,Apple Danish,1.15,Food
243,Chocolate Coffee,2.45,Drink
243,Cherry Soda,1.29,Drink
244,Chocolate Tart,3.75,Food
244,Tuile Cookie,1.25,Food
244,Vanilla Frappuccino,3.85,Drink
245,Opera Cake,15.95,Food
245,Cherry Tart,3.25,Food
245,Apricot Danish,1.15,Food
246,Strawberry Cake,11.95,Food
246,Napoleon Cake,13.49,Food
247,Coffee Eclair,3.5,Food
247,Apple Pie,5.25,Food
247,Almond Twist,1.15,Food
247,Hot Coffee,2.15,Drink
248,Truffle Cake,15.95,Food
248,Apple Tart,3.25,Food
248,Gongolais Cookie,1.15,Food
249,Chocolate Eclair,3.25,Food
249,Berry Tart,3.25,Food
249,Almond Bear Claw,1.95,Food
249,Cherry Soda,1.29,Drink
250,Napoleon Cake,13.49,Food
250,Almond Tart,3.75,Food
250,Chocolate Croissant,1.75,Food
250,Apple Danish,1.15,Food
250,Orange Juice,2.75,Drink
251,Opera Cake,15.95,Food
251,Cherry Tart,3.25,Food
251,Apricot Danish,1.15,Food
252,Opera Cake,15.95,Food
253,Berry Tart,3.25,Food
253,Marzipan Cookie,1.25,Food
254,Chocolate Cake,8.95,Food
254,Lemon Cake,8.95,Food
254,Lemon Tart,3.25,Food
255,Opera Cake,15.95,Food
255,Cherry Tart,3.25,Food
255,Lemon Cookie,0.79,Food
255,Apricot Danish,1.15,Food
256,Apple Tart,3.25,Food
256,Apple Croissant,1.45,Food
256,Apple Danish,1.15,Food
256,Cherry Soda,1.29,Drink
257,Lemon Tart,3.25,Food
257,Apple Croissant,1.45,Food
257,Raspberry Lemonade,3.25,Drink
258,Lemon Cake,8.95,Food
258,Apple Pie,5.25,Food
258,Berry Tart,3.25,Food
258,Apricot Croissant,1.45,Food
258,Chocolate Croissant,1.75,Food
258,Apricot Danish,1.15,Food
259,Truffle Cake,15.95,Food
259,Berry Tart,3.25,Food
259,Tuile Cookie,1.25,Food
259,Blueberry Danish,1.15,Food
259,Single Espresso,1.85,Drink
260,Napoleon Cake,13.49,Food
260,Berry Tart,3.25,Food
260,Ganache Cookie,1.15,Food
260,Chocolate Coffee,2.45,Drink
261,Chocolate Eclair,3.25,Food
262,Truffle Cake,15.95,Food
262,Gongolais Cookie,1.15,Food
262,Apple Croissant,1.45,Food
263,Apple Pie,5.25,Food
263,Lemon Lemonade,3.25,Drink
264,Chocolate Cake,8.95,Food
264,Casino Cake,15.95,Food
264,Chocolate Coffee,2.45,Drink
265,Raspberry Cookie,1.09,Food
265,Lemon Cookie,0.79,Food
265,Lemon Lemonade,3.25,Drink
265,Raspberry Lemonade,3.25,Drink
265,Green Tea,1.85,Drink
266,Opera Cake,15.95,Food
266,Berry Tart,3.25,Food
266,Raspberry Cookie,1.09,Food
266,Bottled Water,1.8,Drink
267,Cherry Tart,3.25,Food
267,Gongolais Cookie,1.15,Food
267,Orange Juice,2.75,Drink
267,Single Espresso,1.85,Drink
268,Opera Cake,15.95,Food
268,Lemon Cookie,0.79,Food
269,Apple Tart,3.25,Food
269,Apple Croissant,1.45,Food
269,Apple Danish,1.15,Food
269,Cherry Soda,1.29,Drink
270,Pecan Tart,3.75,Food
270,Chocolate Meringue,1.25,Food
270,Marzipan Cookie,1.25,Food
271,Blackberry Tart,3.25,Food
271,Almond Croissant,1.45,Food
271,Blueberry Danish,1.15,Food
272,Coffee Eclair,3.5,Food
272,Blackberry Tart,3.25,Food
272,Single Espresso,1.85,Drink
273,Apple Tart,3.25,Food
273,Apple Croissant,1.45,Food
273,Apple Danish,1.15,Food
273,Cherry Soda,1.29,Drink
274,Blueberry Tart,3.25,Food
274,Cherry Tart,3.25,Food
274,Apricot Croissant,1.45,Food
274,Orange Juice,2.75,Drink
275,Marzipan Cookie,1.25,Food
275,Apple Croissant,1.45,Food
275,Cheese Croissant,1.75,Food
275,Orange Juice,2.75,Drink
276,Truffle Cake,15.95,Food
276,Napoleon Cake,13.49,Food
276,Gongolais Cookie,1.15,Food
276,Green Tea,1.85,Drink
277,Casino Cake,15.95,Food
277,Strawberry Cake,11.95,Food
277,Apple Danish,1.15,Food
277,Lemon Lemonade,3.25,Drink
277,Raspberry Lemonade,3.25,Drink
277,Cherry Soda,1.29,Drink
278,Lemon Tart,3.25,Food
278,Tuile Cookie,1.25,Food
278,Almond Croissant,1.45,Food
278,Apricot Croissant,1.45,Food
279,Casino Cake,15.95,Food
279,Apple Croissant,1.45,Food
279,Blueberry Danish,1.15,Food
279,Bottled Water,1.8,Drink
280,Lemon Cake,8.95,Food
280,Casino Cake,15.95,Food
280,Lemon Tart,3.25,Food
280,Ganache Cookie,1.15,Food
280,Raspberry Cookie,1.09,Food
280,Tuile Cookie,1.25,Food
280,Hot Coffee,2.15,Drink
281,Coffee Eclair,3.5,Food
281,Almond Tart,3.75,Food
281,Berry Tart,3.25,Food
281,Blueberry Tart,3.25,Food
281,Raspberry Cookie,1.09,Food
281,Apricot Croissant,1.45,Food
281,Hot Coffee,2.15,Drink
282,Strawberry Cake,11.95,Food
282,Napoleon Cake,13.49,Food
282,Berry Tart,3.25,Food
282,Apple Danish,1.15,Food
282,Bottled Water,1.8,Drink
283,Ganache Cookie,1.15,Food
283,Walnut Cookie,0.79,Food
284,Napoleon Cake,13.49,Food
284,Apricot Tart,3.25,Food
284,Chocolate Tart,3.75,Food
284,Chocolate Coffee,2.45,Drink
285,Almond Bear Claw,1.95,Food
285,Blueberry Danish,1.15,Food
286,Lemon Cake,8.95,Food
286,Vanilla Eclair,3.25,Food
286,Lemon Tart,3.25,Food
287,Chocolate Cake,8.95,Food
287,Cheese Croissant,1.75,Food
287,Orange Juice,2.75,Drink
288,Casino Cake,15.95,Food
288,Cheese Croissant,1.75,Food
288,Apple Danish,1.15,Food
288,Vanilla Frappuccino,3.85,Drink
289,Apple Tart,3.25,Food
289,Apple Croissant,1.45,Food
289,Apple Danish,1.15,Food
290,Tuile Cookie,1.25,Food
291,Blueberry Tart,3.25,Food
291,Marzipan Cookie,1.25,Food
291,Tuile Cookie,1.25,Food
292,Coffee Eclair,3.5,Food
292,Blackberry Tart,3.25,Food
292,Single Espresso,1.85,Drink
293,Vanilla Eclair,3.25,Food
293,Ganache Cookie,1.15,Food
293,Lemon Cookie,0.79,Food
293,Cheese Croissant,1.75,Food
293,Chocolate Croissant,1.75,Food
293,Lemon Lemonade,3.25,Drink
293,Orange Juice,2.75,Drink
293,Bottled Water,1.8,Drink
294,Lemon Cake,8.95,Food
294,Berry Tart,3.25,Food
294,Vanilla Meringue,1.15,Food
294,Apricot Croissant,1.45,Food
294,Raspberry Lemonade,3.25,Drink
295,Raspberry Cookie,1.09,Food
295,Cheese Croissant,1.75,Food
295,Orange Juice,2.75,Drink
296,Berry Tart,3.25,Food
296,Ganache Cookie,1.15,Food
296,Raspberry Cookie,1.09,Food
296,Lemon Cookie,0.79,Food
297,Chocolate Cake,8.95,Food
297,Casino Cake,15.95,Food
297,Chocolate Coffee,2.45,Drink
298,Apple Pie,5.25,Food
298,Walnut Cookie,0.79,Food
299,Lemon Cake,8.95,Food
299,Raspberry Cookie,1.09,Food
299,Cheese Croissant,1.75,Food
299,Orange Juice,2.75,Drink
299,Vanilla Frappuccino,3.85,Drink
300,Blueberry Tart,3.25,Food
300,Apricot Croissant,1.45,Food
300,Hot Coffee,2.15,Drink
